23487963576,WatchEvent,true,2022-08-17T15:52:40Z,6296790,spring-projects/spring-boot,44167236,evilgaoshu,
23487963624,CreateEvent,true,2022-08-17T15:52:40Z,525860969,gurram47/AP20110010620-CS306-L,111333037,gurram47,
23487963529,PushEvent,true,2022-08-17T15:52:40Z,350706029,afbeltranr/Agrilab2,65502770,afbeltranr,10754977792
23487963558,IssueCommentEvent,true,2022-08-17T15:52:40Z,226399669,CMSgov/cms-carts-seds,99458559,karla-vm,
23487963581,PullRequestEvent,true,2022-08-17T15:52:40Z,521980272,casdoor/casdoor-chrome-extension,3787410,hsluoyz,
23487963532,PushEvent,true,2022-08-17T15:52:40Z,438998478,mnw1020/obsidian,11596368,mnw1020,10754977797
23487963524,PushEvent,true,2022-08-17T15:52:40Z,525362201,ikjo93/Data-Structure,82401504,ikjo93,10754977802
23487963526,PushEvent,true,2022-08-17T15:52:40Z,500139646,Gabe616/ObbyCreatorMusicList,60316309,Gabe616,10754977785
23487963492,PushEvent,true,2022-08-17T15:52:40Z,268298723,BadProfessor/INL,37953029,BadProfessor,10754977790
23487963504,DeleteEvent,true,2022-08-17T15:52:40Z,399546191,ALMA-FUNDEGUA/vacunasgt,28701858,allanrg4,
23487963536,PullRequestReviewEvent,true,2022-08-17T15:52:40Z,512700417,morpho-dao/morpho-utils,22668539,QGarchery,
23487963495,CreateEvent,true,2022-08-17T15:52:40Z,525860287,Diyouf/newpage.github.io,111433069,Diyouf,
23487963522,PushEvent,true,2022-08-17T15:52:40Z,522510250,tiltingpenguin/uyuni,100686237,tiltingpenguin,10754977786
23487963444,PushEvent,true,2022-08-17T15:52:40Z,525859727,igrek-ovs/igrek-ovs.github.io,111448530,igrek-ovs,10754977779
23487963462,PullRequestEvent,true,2022-08-17T15:52:40Z,509700187,TeamDearToday/Deartoday-iOS,86944161,cchanmi,
23487963480,IssuesEvent,true,2022-08-17T15:52:40Z,138224079,modin-project/modin,10712109,mvashishtha,
23487963457,PushEvent,true,2022-08-17T15:52:40Z,495043847,na4zagin3/satyrographos-repo-alpha,368735,na4zagin3,10754977766
23487963413,PushEvent,true,2022-08-17T15:52:40Z,525476229,xsidc/monmiao,55003092,xsidc,10754977776
23487963429,PushEvent,true,2022-08-17T15:52:40Z,435120097,kkukelka/nft-gallery,17953978,kkukelka,10754977749
23487963448,PushEvent,true,2022-08-17T15:52:40Z,484665561,Sidalvik/005-Sidalvik-FrontEnd-Cargo-project,94136524,Sidalvik,10754977752
23487963440,PushEvent,true,2022-08-17T15:52:40Z,483328134,qJkee/cluster-config-operator,13433317,qJkee,10754977740
23487963411,IssueCommentEvent,true,2022-08-17T15:52:40Z,138224079,modin-project/modin,10712109,mvashishtha,
23487963456,IssueCommentEvent,true,2022-08-17T15:52:40Z,399070715,majacQ/juicefs,37929162,mergify[bot],
23487963426,WatchEvent,true,2022-08-17T15:52:40Z,45356931,bwmarrin/discordgo,44158642,exqlnet,
23487963471,PullRequestEvent,true,2022-08-17T15:52:40Z,176802984,RedHatInsights/rhsm-subscriptions,19955562,lindseyburnett,
23487963425,CreateEvent,true,2022-08-17T15:52:40Z,525860966,wwwuuid2com28/22_11948,111345762,wwwuuid2com28,
23487963368,PushEvent,true,2022-08-17T15:52:40Z,409344435,google-test2/signclav2-probe-repo,30538765,signcla-test-unsigned,10754977765
23487963384,PushEvent,true,2022-08-17T15:52:40Z,86929735,Lombiq/Orchard,8517910,LombiqBot,10754977753
23487963376,PushEvent,true,2022-08-17T15:52:40Z,525552996,HARPHUNA/grpc-SwiftPM,109001160,HARPHUNA,10754977732
23487963366,PushEvent,true,2022-08-17T15:52:40Z,288543809,khurtwilliams/microblog,686971,khurtwilliams,10754977760
